date,temperature,humidite,vent,pression,nuages
2026-07-25T00:00,21.7,87,5.9,1019.0,82
2026-07-25T01:00,21.7,85,7.0,1018.0,93
2026-07-25T02:00,21.6,86,7.1,1018.0,88
2026-07-25T03:00,21.5,84,7.3,1018.0,85
2026-07-25T04:00,21.4,85,6.9,1018.0,85
2026-07-25T05:00,21.3,87,5.8,1018.0,85
2026-07-25T06:00,21.3,89,5.6,1018.0,85
2026-07-25T07:00,21.8,85,7.4,1018.0,86
2026-07-25T08:00,22.5,77,10.3,1018.0,89
2026-07-25T09:00,23.5,70,11.8,1018.0,98
2026-07-25T10:00,24.2,68,12.6,1018.0,96
2026-07-25T11:00,24.9,67,14.0,1018.0,92
2026-07-25T12:00,25.3,63,15.2,1017.0,83
2026-07-25T13:00,25.5,63,16.7,1017.0,80
2026-07-25T14:00,25.3,64,17.8,1017.0,72
2026-07-25T15:00,25.3,64,17.5,1016.0,61
2026-07-25T16:00,24.7,67,17.1,1016.0,58
2026-07-25T17:00,23.8,73,15.6,1016.0,65
2026-07-25T18:00,23.0,75,14.2,1016.0,65
2026-07-25T19:00,22.2,77,12.1,1016.0,85
2026-07-25T20:00,21.6,80,10.3,1017.0,73
2026-07-25T21:00,21.3,82,10.0,1017.0,76
2026-07-25T22:00,21.1,80,8.1,1017.0,62
2026-07-25T23:00,21.0,84,6.6,1017.0,58
2026-07-26T00:00,20.9,87,5.6,1017.0,63
2026-07-26T01:00,20.9,88,5.4,1016.0,64
2026-07-26T02:00,20.6,92,5.4,1016.0,71
2026-07-26T03:00,20.5,91,5.2,1016.0,74
2026-07-26T04:00,20.2,91,5.1,1015.0,66
2026-07-26T05:00,19.9,91,4.4,1015.0,53
2026-07-26T06:00,19.8,89,4.0,1015.0,46
2026-07-26T07:00,20.7,83,4.7,1016.0,38
2026-07-26T08:00,22.5,75,6.6,1016.0,35
2026-07-26T09:00,24.2,70,9.7,1016.0,34
2026-07-26T10:00,25.6,64,11.1,1016.0,28
2026-07-26T11:00,26.6,60,12.7,1016.0,0
2026-07-26T12:00,26.9,60,13.8,1015.0,3
2026-07-26T13:00,27.0,62,14.8,1015.0,6
2026-07-26T14:00,27.0,65,15.5,1014.0,27
2026-07-26T15:00,26.7,66,15.5,1014.0,30
2026-07-26T16:00,26.3,68,14.8,1014.0,35
2026-07-26T17:00,25.7,72,13.1,1014.0,34
2026-07-26T18:00,25.1,74,10.7,1014.0,31
2026-07-26T19:00,24.2,77,9.0,1014.0,36
2026-07-26T20:00,23.1,84,6.0,1014.0,34
2026-07-26T21:00,22.4,88,3.9,1015.0,14
2026-07-26T22:00,21.8,91,3.6,1015.0,28
2026-07-26T23:00,21.4,93,2.4,1015.0,32
2026-07-27T00:00,21.2,94,2.3,1014.0,31
2026-07-27T01:00,21.0,94,1.9,1014.0,26
2026-07-27T02:00,20.9,93,1.6,1013.0,4
2026-07-27T03:00,20.7,93,1.8,1013.0,1
2026-07-27T04:00,20.6,92,1.1,1013.0,0
2026-07-27T05:00,20.4,92,1.9,1013.0,0
2026-07-27T06:00,20.2,91,2.2,1013.0,0
2026-07-27T07:00,20.8,89,1.5,1013.0,0
2026-07-27T08:00,23.3,76,1.5,1013.0,0
2026-07-27T09:00,25.5,64,4.3,1013.0,0
2026-07-27T10:00,27.3,56,6.3,1014.0,0
2026-07-27T11:00,28.4,52,8.9,1014.0,0
2026-07-27T12:00,29.0,51,10.7,1013.0,4
2026-07-27T13:00,29.0,54,11.8,1013.0,0
2026-07-27T14:00,28.7,57,12.1,1012.0,0
2026-07-27T15:00,28.1,60,11.5,1012.0,12
2026-07-27T16:00,27.5,66,10.5,1012.0,16
2026-07-27T17:00,26.6,74,8.9,1012.0,40
2026-07-27T18:00,25.4,76,8.1,1012.0,53
2026-07-27T19:00,24.4,79,6.8,1012.0,51
2026-07-27T20:00,23.3,83,5.9,1013.0,27
2026-07-27T21:00,22.7,84,5.1,1014.0,19
2026-07-27T22:00,22.1,88,5.4,1014.0,50
2026-07-27T23:00,21.8,91,5.3,1014.0,74
2026-07-28T00:00,21.8,91,5.7,1014.0,76
2026-07-28T01:00,21.7,90,5.6,1014.0,69
2026-07-28T02:00,21.7,87,6.6,1013.0,69
2026-07-28T03:00,21.4,89,6.7,1013.0,57
2026-07-28T04:00,21.3,90,5.6,1014.0,73
2026-07-28T05:00,21.3,89,6.6,1014.0,80
2026-07-28T06:00,21.2,88,6.6,1015.0,80
2026-07-28T07:00,21.6,84,7.4,1015.0,69
2026-07-28T08:00,22.7,78,7.9,1015.0,63
2026-07-28T09:00,24.3,70,7.3,1016.0,55
2026-07-28T10:00,26.4,60,7.4,1016.0,25
2026-07-28T11:00,28.2,55,8.4,1016.0,3
2026-07-28T12:00,28.9,53,11.1,1016.0,1
2026-07-28T13:00,28.6,59,12.6,1016.0,7
2026-07-28T14:00,28.0,60,13.5,1016.0,12
2026-07-28T15:00,27.2,69,13.4,1016.0,42
2026-07-28T16:00,26.7,69,11.8,1016.0,40
2026-07-28T17:00,26.2,73,10.2,1016.0,47
2026-07-28T18:00,25.4,76,8.9,1016.0,47
2026-07-28T19:00,24.6,81,7.2,1016.0,52
2026-07-28T20:00,23.7,86,5.3,1017.0,58
2026-07-28T21:00,23.0,90,3.9,1017.0,63
2026-07-28T22:00,22.6,92,3.1,1017.0,70
2026-07-28T23:00,22.4,93,2.6,1017.0,76
2026-07-29T00:00,22.3,93,2.5,1017.0,83
2026-07-29T01:00,22.1,93,2.3,1017.0,82
2026-07-29T02:00,22.0,93,2.1,1016.0,81
2026-07-29T03:00,21.9,93,1.6,1016.0,80
2026-07-29T04:00,21.7,93,1.0,1016.0,76
2026-07-29T05:00,21.6,94,0.7,1016.0,73
2026-07-29T06:00,21.7,92,0.7,1016.0,69
2026-07-29T07:00,22.4,87,1.6,1017.0,67
2026-07-29T08:00,23.5,80,3.8,1017.0,64
2026-07-29T09:00,24.5,74,5.9,1017.0,62
2026-07-29T10:00,25.4,70,8.2,1018.0,54
2026-07-29T11:00,26.3,68,10.6,1018.0,46
2026-07-29T12:00,26.9,66,12.2,1018.0,38
2026-07-29T13:00,27.0,66,12.9,1017.0,44
2026-07-29T14:00,26.7,67,12.8,1017.0,50
2026-07-29T15:00,26.3,68,12.2,1016.0,56
2026-07-29T16:00,25.9,70,10.9,1016.0,56
2026-07-29T17:00,25.4,73,9.4,1016.0,57
2026-07-29T18:00,24.8,76,7.9,1017.0,57
2026-07-29T19:00,24.1,80,6.8,1017.0,62
2026-07-29T20:00,23.3,84,5.8,1017.0,66
2026-07-29T21:00,22.6,87,5.1,1017.0,71
2026-07-29T22:00,22.2,89,4.7,1017.0,66
2026-07-29T23:00,21.8,89,4.4,1017.0,62
2026-07-30T00:00,21.5,90,4.6,1017.0,57
2026-07-30T01:00,21.3,90,4.8,1017.0,56
2026-07-30T02:00,21.1,91,5.2,1016.0,55
2026-07-30T03:00,20.9,91,5.4,1015.0,54
2026-07-30T04:00,20.6,92,5.4,1015.0,61
2026-07-30T05:00,20.4,93,5.4,1015.0,67
2026-07-30T06:00,20.5,93,5.5,1015.0,74
2026-07-30T07:00,21.2,89,6.2,1015.0,74
2026-07-30T08:00,22.2,84,7.4,1015.0,75
2026-07-30T09:00,23.4,79,8.8,1016.0,75
2026-07-30T10:00,24.6,75,9.9,1016.0,70
2026-07-30T11:00,25.9,71,10.8,1015.0,65
2026-07-30T12:00,26.9,68,11.4,1015.0,59
2026-07-30T13:00,27.2,68,12.3,1015.0,60
2026-07-30T14:00,27.2,68,13.1,1014.0,61
2026-07-30T15:00,27.0,70,13.7,1014.0,62
2026-07-30T16:00,26.4,72,13.0,1014.0,63
2026-07-30T17:00,25.5,74,11.5,1014.0,65
2026-07-30T18:00,24.7,77,10.1,1014.0,66
2026-07-30T19:00,23.9,81,8.3,1014.0,65
2026-07-30T20:00,23.1,85,6.1,1014.0,65
2026-07-30T21:00,22.5,89,4.7,1015.0,64
2026-07-30T22:00,22.2,91,4.0,1015.0,72
2026-07-30T23:00,21.9,93,4.0,1015.0,80
2026-07-31T00:00,21.8,94,4.1,1015.0,88
2026-07-31T01:00,21.8,95,3.8,1014.0,90
2026-07-31T02:00,21.9,95,3.8,1014.0,91
2026-07-31T03:00,22.0,95,3.8,1014.0,93
2026-07-31T04:00,22.1,96,4.1,1014.0,94
2026-07-31T05:00,22.2,97,4.9,1014.0,95
2026-07-31T06:00,22.6,96,5.2,1014.0,96
2026-07-31T07:00,23.3,92,5.4,1014.0,95
2026-07-31T08:00,24.2,86,5.2,1014.0,94
2026-07-31T09:00,25.2,80,5.4,1015.0,93
2026-07-31T10:00,26.1,75,6.9,1015.0,85
2026-07-31T11:00,27.1,70,9.4,1015.0,76
2026-07-31T12:00,27.7,66,11.4,1014.0,68
2026-07-31T13:00,27.9,65,12.5,1014.0,62
2026-07-31T14:00,27.7,65,12.8,1014.0,56
2026-07-31T15:00,27.4,66,12.7,1013.0,50
2026-07-31T16:00,26.8,69,12.3,1013.0,54
2026-07-31T17:00,26.1,73,11.2,1013.0,57
2026-07-31T18:00,25.4,77,10.1,1013.0,61
2026-07-31T19:00,24.7,81,8.3,1013.0,59
2026-07-31T20:00,23.9,86,6.1,1014.0,56
2026-07-31T21:00,23.3,90,4.3,1014.0,54
2026-07-31T22:00,22.9,93,3.2,1014.0,58
2026-07-31T23:00,22.6,95,2.5,1014.0,61
2026-08-01T00:00,22.4,97,2.2,1014.0,65
2026-08-01T01:00,22.4,98,2.6,1014.0,69
2026-08-01T02:00,22.4,97,3.3,1013.0,73
2026-08-01T03:00,22.5,97,4.1,1013.0,77
2026-08-01T04:00,22.4,98,3.9,1013.0,78
2026-08-01T05:00,22.3,98,3.5,1014.0,78
2026-08-01T06:00,22.5,97,3.7,1014.0,79
2026-08-01T07:00,23.2,92,4.5,1014.0,72
2026-08-01T08:00,24.3,85,5.6,1014.0,65
2026-08-01T09:00,25.4,79,6.8,1015.0,58
2026-08-01T10:00,26.6,74,8.0,1015.0,49
2026-08-01T11:00,27.9,68,9.4,1015.0,39
2026-08-01T12:00,28.7,65,11.0,1015.0,30
2026-08-01T13:00,28.8,64,12.1,1015.0,33
2026-08-01T14:00,28.4,64,12.8,1014.0,35
2026-08-01T15:00,27.9,65,13.1,1014.0,38
2026-08-01T16:00,27.3,67,12.3,1014.0,33
2026-08-01T17:00,26.5,69,10.8,1014.0,29
2026-08-01T18:00,25.6,72,9.0,1014.0,24
2026-08-01T19:00,24.6,76,7.0,1014.0,33
2026-08-01T20:00,23.6,81,5.0,1015.0,41
2026-08-01T21:00,22.7,85,3.7,1015.0,50
2026-08-01T22:00,22.6,86,3.4,1015.0,50
2026-08-01T23:00,22.6,88,3.1,1015.0,42
2026-08-02T00:00,22.6,90,2.4,1014.0,25
2026-08-02T01:00,22.5,92,1.3,1014.0,13
2026-08-02T02:00,21.7,96,0.8,1014.0,32
2026-08-02T03:00,21.1,100,1.6,1014.0,55
2026-08-02T04:00,20.6,100,2.4,1014.0,76
2026-08-02T05:00,20.4,100,3.0,1014.0,91
2026-08-02T06:00,20.6,100,3.2,1014.0,98
2026-08-02T07:00,21.5,92,3.4,1014.0,93
2026-08-02T08:00,23.0,82,4.2,1014.0,78
2026-08-02T09:00,24.8,72,5.7,1014.0,59
2026-08-02T10:00,26.6,62,7.8,1014.0,38
2026-08-02T11:00,28.1,56,9.6,1014.0,20
2026-08-02T12:00,29.0,52,11.1,1014.0,9
2026-08-02T13:00,29.3,51,11.8,1014.0,5
2026-08-02T14:00,29.3,52,12.2,1013.0,6
2026-08-02T15:00,28.9,54,12.3,1013.0,9
2026-08-02T16:00,28.3,57,12.0,1013.0,14
2026-08-02T17:00,27.8,60,11.7,1013.0,20
2026-08-02T18:00,27.2,63,11.3,1013.0,27
2026-08-02T19:00,26.7,66,10.5,1013.0,36
2026-08-02T20:00,26.1,69,9.5,1013.0,47
2026-08-02T21:00,25.4,73,8.2,1014.0,60
2026-08-02T22:00,24.7,76,6.9,1014.0,72
2026-08-02T23:00,24.1,80,6.2,1014.0,81
2026-08-03T00:00,23.5,83,5.5,1014.0,85
2026-08-03T01:00,23.0,87,5.2,1014.0,84
2026-08-03T02:00,22.5,90,5.3,1014.0,78
2026-08-03T03:00,21.9,94,5.3,1014.0,69
2026-08-03T04:00,21.6,97,5.6,1014.0,59
2026-08-03T05:00,21.5,98,5.7,1014.0,49
2026-08-03T06:00,21.7,96,5.9,1014.0,41
2026-08-03T07:00,22.5,90,6.2,1014.0,34
2026-08-03T08:00,23.8,82,6.8,1014.0,26
2026-08-03T09:00,25.4,73,8.2,1014.0,18
2026-08-03T10:00,26.9,65,9.8,1014.0,11
2026-08-03T11:00,28.2,59,11.2,1015.0,4
2026-08-03T12:00,28.9,56,12.1,1015.0,0
2026-08-03T13:00,29.1,56,12.4,1015.0,0
2026-08-03T14:00,28.8,57,12.2,1015.0,0
2026-08-03T15:00,28.2,60,11.9,1015.0,0
2026-08-03T16:00,27.6,63,11.4,1015.0,0
2026-08-03T17:00,26.8,67,10.7,1015.0,0
2026-08-03T18:00,26.2,70,10.2,1015.0,0
2026-08-03T19:00,25.7,73,9.5,1015.0,0
2026-08-03T20:00,25.0,77,8.7,1015.0,0
2026-08-03T21:00,24.4,81,7.8,1016.0,0
2026-08-03T22:00,23.7,85,6.9,1016.0,0
2026-08-03T23:00,23.2,88,6.4,1016.0,0
2026-08-04T00:00,22.7,91,5.8,1016.0,0
2026-08-04T01:00,22.3,94,5.7,1016.0,12
2026-08-04T02:00,21.9,96,5.7,1016.0,31
2026-08-04T03:00,21.6,98,6.0,1016.0,52
2026-08-04T04:00,21.4,99,6.4,1016.0,72
2026-08-04T05:00,21.4,99,6.9,1016.0,87
2026-08-04T06:00,21.6,97,7.5,1016.0,93
2026-08-04T07:00,22.1,93,8.2,1016.0,87
2026-08-04T08:00,23.1,87,9.1,1017.0,71
2026-08-04T09:00,24.2,80,10.1,1017.0,50
2026-08-04T10:00,25.2,74,11.2,1017.0,29
2026-08-04T11:00,26.1,69,12.2,1017.0,12
2026-08-04T12:00,26.6,67,12.9,1017.0,3
2026-08-04T13:00,26.7,66,13.0,1017.0,4
2026-08-04T14:00,26.5,68,13.0,1017.0,12
2026-08-04T15:00,26.1,70,12.7,1016.0,25
2026-08-04T16:00,25.6,73,12.3,1016.0,38
2026-08-04T17:00,25.1,76,11.8,1016.0,50
2026-08-04T18:00,24.6,78,11.3,1016.0,58
2026-08-04T19:00,24.3,80,10.6,1016.0,62
2026-08-04T20:00,23.9,81,9.8,1016.0,63
2026-08-04T21:00,23.5,83,9.0,1017.0,63
2026-08-04T22:00,23.1,85,8.3,1017.0,62
2026-08-04T23:00,22.7,86,7.5,1017.0,62
2026-08-05T00:00,22.4,87,6.9,1017.0,64
2026-08-05T01:00,22.1,88,6.5,1017.0,69
2026-08-05T02:00,21.8,90,5.8,1017.0,76
2026-08-05T03:00,21.4,92,5.3,1017.0,84
2026-08-05T04:00,21.2,93,4.9,1017.0,90
2026-08-05T05:00,21.2,93,4.8,1017.0,94
2026-08-05T06:00,21.4,91,4.7,1017.0,92
2026-08-05T07:00,22.0,87,5.1,1017.0,83
2026-08-05T08:00,22.9,81,6.1,1017.0,68
2026-08-05T09:00,24.0,74,7.6,1017.0,50
2026-08-05T10:00,25.1,69,9.4,1017.0,31
2026-08-05T11:00,26.0,64,10.8,1018.0,16
2026-08-05T12:00,26.4,62,11.8,1018.0,6
2026-08-05T13:00,26.4,62,12.3,1018.0,3
2026-08-05T14:00,26.1,64,12.5,1017.0,5
2026-08-05T15:00,25.6,67,12.5,1017.0,10
2026-08-05T16:00,25.0,71,12.4,1017.0,15
2026-08-05T17:00,24.4,74,12.3,1017.0,20
2026-08-05T18:00,23.9,77,11.9,1017.0,23
2026-08-05T19:00,23.5,78,11.4,1017.0,23
2026-08-05T20:00,23.0,79,10.6,1017.0,21
2026-08-05T21:00,22.6,80,9.7,1018.0,18
2026-08-05T22:00,22.2,81,8.8,1018.0,16
2026-08-05T23:00,21.8,81,7.8,1018.0,14
2026-08-06T00:00,21.5,82,6.9,1018.0,15
2026-08-06T01:00,21.1,84,5.6,1018.0,19
2026-08-06T02:00,20.6,86,4.0,1018.0,25
2026-08-06T03:00,20.2,88,2.3,1018.0,32
2026-08-06T04:00,19.8,90,1.0,1018.0,38
2026-08-06T05:00,19.7,90,0.4,1018.0,43
2026-08-06T06:00,19.9,89,0.6,1018.0,44
2026-08-06T07:00,20.5,86,1.3,1018.0,41
2026-08-06T08:00,21.5,80,3.5,1018.0,34
2026-08-06T09:00,22.7,74,6.1,1018.0,25
2026-08-06T10:00,23.9,68,8.6,1018.0,16
2026-08-06T11:00,24.9,64,11.1,1018.0,7
2026-08-06T12:00,25.5,62,12.5,1018.0,2
2026-08-06T13:00,25.5,61,13.1,1018.0,0
2026-08-06T14:00,25.2,62,13.3,1018.0,0
2026-08-06T15:00,24.7,63,13.1,1018.0,0
2026-08-06T16:00,24.0,65,12.9,1018.0,0
2026-08-06T17:00,23.4,67,12.6,1018.0,0
2026-08-06T18:00,22.9,69,12.3,1018.0,1
2026-08-06T19:00,22.6,71,11.8,1018.0,5
2026-08-06T20:00,22.2,73,11.1,1018.0,11
2026-08-06T21:00,21.9,75,10.2,1018.0,17
2026-08-06T22:00,21.6,78,9.2,1018.0,24
2026-08-06T23:00,21.3,80,8.0,1019.0,30
2026-08-07T00:00,21.1,81,7.1,1019.0,35
2026-08-07T01:00,20.7,83,5.9,1019.0,39
2026-08-07T02:00,20.3,86,4.6,1018.0,43
2026-08-07T03:00,19.9,89,3.8,1018.0,47
2026-08-07T04:00,19.6,90,3.8,1018.0,49
2026-08-07T05:00,19.5,91,4.3,1018.0,49
2026-08-07T06:00,19.7,90,4.3,1018.0,48
2026-08-07T07:00,20.4,86,4.0,1018.0,43
2026-08-07T08:00,21.6,80,4.3,1018.0,34
2026-08-07T09:00,23.0,74,6.1,1018.0,24
2026-08-07T10:00,24.3,68,8.7,1018.0,14
2026-08-07T11:00,25.5,64,11.0,1018.0,6
2026-08-07T12:00,26.2,62,12.7,1018.0,2
2026-08-07T13:00,26.4,62,13.6,1018.0,3
2026-08-07T14:00,26.3,63,14.1,1018.0,7
2026-08-07T15:00,25.9,66,14.3,1017.0,13
2026-08-07T16:00,25.5,68,14.3,1017.0,20
2026-08-07T17:00,25.0,72,13.9,1016.0,28
2026-08-07T18:00,24.6,74,13.6,1016.0,36
2026-08-07T19:00,24.2,76,13.1,1016.0,45
2026-08-07T20:00,23.8,79,12.3,1016.0,56
2026-08-07T21:00,23.4,81,11.1,1017.0,68
2026-08-07T22:00,22.9,84,10.2,1017.0,79
2026-08-07T23:00,22.5,86,9.3,1017.0,87
2026-08-08T00:00,22.2,88,8.5,1017.0,90
2026-08-08T01:00,21.8,90,8.0,1017.0,88
2026-08-08T02:00,21.3,92,7.2,1017.0,81
2026-08-08T03:00,20.9,94,6.6,1017.0,71
2026-08-08T04:00,20.6,95,6.2,1017.0,60
2026-08-08T05:00,20.5,95,5.7,1017.0,50
2026-08-08T06:00,20.6,93,5.4,1016.0,41
2026-08-08T07:00,21.2,89,5.6,1016.0,33
2026-08-08T08:00,22.3,82,6.2,1016.0,26
2026-08-08T09:00,23.5,75,7.4,1017.0,19
2026-08-08T10:00,24.7,69,8.9,1017.0,12
2026-08-08T11:00,25.7,64,10.2,1017.0,6
2026-08-08T12:00,26.3,61,10.8,1017.0,2
2026-08-08T13:00,26.4,61,11.0,1016.0,0
2026-08-08T14:00,26.3,62,10.6,1016.0,0
2026-08-08T15:00,25.9,65,10.0,1016.0,0
2026-08-08T16:00,25.4,67,9.4,1016.0,0
2026-08-08T17:00,24.9,70,8.9,1015.0,0
2026-08-08T18:00,24.4,73,8.2,1015.0,1
2026-08-08T19:00,24.0,76,7.6,1015.0,2
2026-08-08T20:00,23.4,79,6.5,1016.0,2
2026-08-08T21:00,22.8,83,5.4,1016.0,3
2026-08-08T22:00,22.2,87,4.5,1016.0,5
2026-08-08T23:00,21.7,90,3.5,1016.0,9
2026-08-09T00:00,21.3,93,3.0,1016.0,16
2026-08-09T01:00,21.0,95,2.8,1016.0,28
2026-08-09T02:00,20.6,97,3.1,1016.0,45
2026-08-09T03:00,20.4,99,3.4,1016.0,65
2026-08-09T04:00,20.3,99,3.9,1016.0,82
2026-08-09T05:00,20.3,98,4.5,1016.0,95
2026-08-09T06:00,20.7,95,4.8,1016.0,99
2026-08-09T07:00,21.6,89,5.3,1016.0,92
2026-08-09T08:00,22.8,81,5.9,1016.0,76
2026-08-09T09:00,24.3,72,6.9,1016.0,55
2026-08-09T10:00,25.8,65,9.2,1016.0,25
2026-08-09T11:00,26.5,61,11.9,1017.0,7
2026-08-09T12:00,26.6,62,14.5,1017.0,0
2026-08-09T13:00,26.2,65,16.3,1018.0,0
2026-08-09T14:00,26.1,66,16.6,1017.0,0
2026-08-09T15:00,25.9,67,16.2,1017.0,0
2026-08-09T16:00,25.7,68,15.9,1017.0,0
2026-08-09T17:00,25.3,70,15.2,1017.0,0
2026-08-09T18:00,24.9,71,14.1,1017.0,0
2026-08-09T19:00,24.6,73,12.2,1018.0,0
2026-08-09T20:00,24.3,74,9.8,1018.0,0
2026-08-09T21:00,23.9,76,8.6,1019.0,0
2026-08-09T22:00,23.6,78,8.8,1019.0,0
2026-08-09T23:00,23.3,80,9.7,1019.0,0
